State,Month,Year,Total Disconnections,Total Connections,Disconnection Rate
Arizona,April,2020,0.0,300000.0,0.0
Arizona,April,2021,7366.0,500000.0,0.07366
Arizona,August,2020,0.0,300000.0,0.0
Arizona,August,2021,0.0,500000.0,0.0
Arizona,December,2020,0.0,300000.0,0.0
Arizona,December,2021,6845.0,500000.0,0.06845
Arizona,February,2021,6287.0,500000.0,0.06287000000000001
Arizona,January,2020,614.0,100000.0,0.00614
Arizona,January,2021,2.0,500000.0,2e-05
Arizona,July,2020,0.0,300000.0,0.0
Arizona,July,2021,0.0,500000.0,0.0
Arizona,June,2020,0.0,300000.0,0.0
Arizona,June,2021,0.0,500000.0,0.0
Arizona,March,2020,0.0,300000.0,0.0
Arizona,March,2021,6574.0,500000.0,0.06573999999999999
Arizona,May,2020,0.0,300000.0,0.0
Arizona,May,2021,3029.0,500000.0,0.030289999999999997
Arizona,November,2020,0.0,300000.0,0.0
Arizona,November,2021,634.0,500000.0,0.00634
Arizona,October,2020,0.0,300000.0,0.0
Arizona,October,2021,12.0,500000.0,0.00011999999999999999
Arizona,September,2020,0.0,300000.0,0.0
Arizona,September,2021,0.0,500000.0,0.0
California,April,2019,78523.0,17039572.0,1.803748011853441
California,April,2020,0.0,17560059.0,0.0
California,April,2021,0.0,16043776.0,0.0
California,April,2022,0.0,17118069.0,0.0
California,August,2018,63050.0,9946519.0,1.3088820902303842
California,August,2019,59737.0,17111561.0,1.379024032094951
California,August,2020,0.0,17612940.0,0.0
California,August,2021,0.0,17400341.0,0.0
California,December,2018,48018.0,16952045.0,1.185333826661778
California,December,2019,51384.0,17111375.0,1.2385990176006836
California,December,2020,0.0,17621808.0,0.0
California,December,2021,0.0,17446368.0,0.0
California,February,2019,53607.0,17000145.0,1.2751781818621641
California,February,2020,81597.0,17548037.0,1.647718272946318
California,February,2021,0.0,17474227.0,0.0
California,February,2022,0.0,17105373.0,0.0
California,January,2019,47498.0,16987333.0,1.195321698180734
California,January,2020,67659.0,17534015.0,1.36757246628654
California,January,2021,0.0,17467791.0,0.0
California,January,2022,0.0,17093390.0,0.0
California,July,2019,53685.0,17095418.0,1.254017996679494
California,July,2020,0.0,17611423.0,0.0
California,July,2021,0.0,17393905.0,0.0
California,June,2019,49381.0,17067004.0,1.1868848780193242
California,June,2020,0.0,17595763.0,0.0
California,June,2021,0.0,17383540.0,0.0
California,March,2019,78787.0,17017169.0,1.784792976142914
California,March,2020,36054.0,17576271.0,0.7352078213464542
California,March,2021,0.0,17488399.0,0.0
California,March,2022,0.0,17111669.0,0.0
California,May,2019,81528.0,17055342.0,1.8356111481580342
California,May,2020,0.0,17570729.0,0.0
California,May,2021,0.0,17384381.0,0.0
California,May,2022,0.0,17133276.0,0.0
California,November,2018,62558.0,16952338.0,1.538758217509548
California,November,2019,57416.0,17099455.0,1.3990891453174268
California,November,2020,0.0,17597327.0,0.0
California,November,2021,0.0,17425186.0,0.0
California,October,2018,92888.0,16946648.0,2.159415863572544
California,October,2019,74338.0,17104339.0,1.684560676836472
California,October,2020,0.0,17602416.0,0.0
California,October,2021,0.0,17424923.0,0.0
California,September,2018,62255.0,9946123.0,1.3100380915225591
California,September,2019,69332.0,17088900.0,1.5745154869254319
California,September,2020,0.0,17601855.0,0.0
California,September,2021,0.0,17409899.0,0.0
Colorado,April,2020,1.0,500000.0,1e-05
Colorado,April,2021,1624.0,500000.0,0.016239999999999997
Colorado,August,2020,2.0,500000.0,2e-05
Colorado,August,2021,1135.0,500000.0,0.01135
Colorado,December,2020,455.0,500000.0,0.004549999999999999
Colorado,December,2021,675.0,300000.0,0.006749999999999999
Colorado,February,2020,797.0,500000.0,0.007970000000000001
Colorado,February,2021,863.0,500000.0,0.00863
Colorado,January,2020,2550.0,500000.0,0.025500000000000002
Colorado,January,2021,727.0,500000.0,0.0072699999999999996
Colorado,July,2020,2.0,500000.0,2e-05
Colorado,July,2021,1317.0,500000.0,0.01317
Colorado,June,2020,0.0,500000.0,0.0
Colorado,June,2021,1442.0,500000.0,0.01442
Colorado,March,2020,929.0,500000.0,0.00929
Colorado,March,2021,1154.0,500000.0,0.01154
Colorado,May,2020,1.0,500000.0,1e-05
Colorado,May,2021,1067.0,500000.0,0.01067
Colorado,November,2020,762.0,500000.0,0.007619999999999999
Colorado,November,2021,1297.0,500000.0,0.01297
Colorado,October,2020,1497.0,500000.0,0.014969999999999999
Colorado,October,2021,1190.0,500000.0,0.0119
Colorado,September,2020,456.0,500000.0,0.004560000000000001
Colorado,September,2021,1259.0,500000.0,0.01259
Connecticut,April,2020,7.0,500000.0,7e-05
Connecticut,April,2021,0.0,500000.0,0.0
Connecticut,August,2020,1.0,500000.0,1e-05
Connecticut,August,2021,2.0,500000.0,2e-05
Connecticut,December,2020,0.0,500000.0,0.0
Connecticut,December,2021,7699.0,500000.0,0.07699
Connecticut,February,2020,8874.0,300000.0,0.08874
Connecticut,February,2021,0.0,500000.0,0.0
Connecticut,January,2020,7343.0,300000.0,0.07343
Connecticut,January,2021,0.0,500000.0,0.0
Connecticut,July,2020,0.0,500000.0,0.0
Connecticut,July,2021,0.0,500000.0,0.0
Connecticut,June,2020,0.0,500000.0,0.0
Connecticut,June,2021,0.0,500000.0,0.0
Connecticut,March,2020,9165.0,500000.0,0.09165000000000001
Connecticut,March,2021,0.0,500000.0,0.0
Connecticut,May,2020,0.0,500000.0,0.0
Connecticut,May,2021,0.0,500000.0,0.0
Connecticut,November,2020,0.0,500000.0,0.0
Connecticut,November,2021,4505.0,500000.0,0.04505
Connecticut,October,2020,0.0,500000.0,0.0
Connecticut,October,2021,245.0,500000.0,0.00245
Connecticut,September,2020,0.0,300000.0,0.0
Connecticut,September,2021,2.0,500000.0,2e-05
Florida,April,2020,0.0,600000.0,0.0
Florida,April,2021,86359.0,700000.0,0.8635900000000002
Florida,August,2020,0.0,700000.0,0.0
Florida,August,2021,122481.0,700000.0,1.2248100000000002
Florida,December,2020,121280.0,700000.0,1.2127999999999999
Florida,February,2020,87773.0,700000.0,0.87773
Florida,February,2021,88402.0,700000.0,0.88402
Florida,January,2020,107030.0,700000.0,1.0703
Florida,January,2021,95513.0,700000.0,0.9551299999999999
Florida,July,2020,0.0,600000.0,0.0
Florida,July,2021,108058.0,700000.0,1.0805799999999999
Florida,June,2020,0.0,600000.0,0.0
Florida,June,2021,108253.0,700000.0,1.0825299999999998
Florida,March,2020,42225.0,700000.0,0.42224999999999996
Florida,March,2021,91464.0,700000.0,0.9146400000000001
Florida,May,2020,0.0,600000.0,0.0
Florida,May,2021,89887.0,700000.0,0.89887
Florida,November,2020,104562.0,700000.0,1.0456200000000002
Florida,October,2020,103268.0,700000.0,1.03268
Florida,September,2020,5315.0,700000.0,0.05315
Florida,September,2021,133460.0,700000.0,1.3345999999999996
Georgia,April,2020,0.0,100000.0,0.0
Georgia,June,2020,0.0,100000.0,0.0
Georgia,May,2020,0.0,100000.0,0.0
Illinois,April,2020,0.0,300000.0,0.0
Illinois,April,2021,17242.0,300000.0,0.17242
Illinois,August,2020,5.0,300000.0,5e-05
Illinois,August,2021,31456.0,300000.0,0.31456
Illinois,December,2020,8.0,300000.0,7.999999999999999e-05
Illinois,February,2020,0.0,300000.0,0.0
Illinois,February,2021,7.0,300000.0,7.000000000000001e-05
Illinois,January,2020,0.0,300000.0,0.0
Illinois,January,2021,13.0,300000.0,0.00013000000000000002
Illinois,July,2020,0.0,300000.0,0.0
Illinois,July,2021,27660.0,300000.0,0.2766
Illinois,June,2020,0.0,300000.0,0.0
Illinois,June,2021,27657.0,300000.0,0.27657
Illinois,March,2020,0.0,300000.0,0.0
Illinois,March,2021,2.0,300000.0,2e-05
Illinois,May,2020,0.0,300000.0,0.0
Illinois,May,2021,30185.0,300000.0,0.30185
Illinois,November,2020,11017.0,300000.0,0.11016999999999999
Illinois,October,2020,46126.0,300000.0,0.46126
Illinois,September,2020,16121.0,300000.0,0.16121000000000002
Indiana,April,2020,0.0,600000.0,0.0
Indiana,April,2021,18123.0,600000.0,0.18123
Indiana,August,2020,4178.0,600000.0,0.04178
Indiana,August,2021,17403.0,600000.0,0.17403000000000002
Indiana,December,2020,13469.0,600000.0,0.13468999999999998
Indiana,December,2021,10582.0,300000.0,0.10582
Indiana,February,2020,13716.0,600000.0,0.13716
Indiana,February,2021,7297.0,600000.0,0.07297000000000001
Indiana,January,2020,16799.0,600000.0,0.16799
Indiana,January,2021,11566.0,600000.0,0.11566
Indiana,July,2020,1193.0,600000.0,0.011930000000000001
Indiana,July,2021,16089.0,600000.0,0.16088999999999998
Indiana,June,2020,699.0,600000.0,0.00699
Indiana,June,2021,18776.0,600000.0,0.18775999999999998
Indiana,March,2020,8757.0,600000.0,0.08757
Indiana,March,2021,18848.0,600000.0,0.18847999999999998
Indiana,May,2020,282.0,600000.0,0.00282
Indiana,May,2021,18571.0,600000.0,0.18571000000000001
Indiana,November,2020,14722.0,600000.0,0.14722
Indiana,November,2021,15047.0,600000.0,0.15047
Indiana,October,2020,21293.0,600000.0,0.21293
Indiana,October,2021,14957.0,600000.0,0.14957
Indiana,September,2020,17068.0,600000.0,0.17068
Indiana,September,2021,15927.0,600000.0,0.15927000000000002
Iowa,April,2020,0.0,600000.0,0.0
Iowa,April,2021,6192.0,600000.0,0.061919999999999996
Iowa,August,2020,1905.0,600000.0,0.01905
Iowa,August,2021,3055.0,600000.0,0.03055
Iowa,December,2020,2019.0,600000.0,0.02019
Iowa,December,2021,919.0,600000.0,0.009190000000000002
Iowa,February,2020,701.0,600000.0,0.00701
Iowa,February,2021,480.0,600000.0,0.0048000000000000004
Iowa,January,2020,1128.0,600000.0,0.01128
Iowa,January,2021,447.0,600000.0,0.00447
Iowa,July,2020,2406.0,600000.0,0.024060000000000005
Iowa,July,2021,3066.0,600000.0,0.030660000000000003
Iowa,June,2020,0.0,600000.0,0.0
Iowa,June,2021,4944.0,600000.0,0.04944
Iowa,March,2020,1238.0,600000.0,0.012379999999999999
Iowa,March,2021,3108.0,600000.0,0.03108
Iowa,May,2020,0.0,600000.0,0.0
Iowa,May,2021,4416.0,600000.0,0.04416
Iowa,November,2020,2348.0,600000.0,0.023480000000000004
Iowa,November,2021,719.0,600000.0,0.00719
Iowa,October,2020,7342.0,600000.0,0.07342
Iowa,October,2021,4259.0,600000.0,0.04259
Iowa,September,2020,3515.0,600000.0,0.03515000000000001
Iowa,September,2021,5997.0,600000.0,0.05997
Kansas,April,2020,0.0,100000.0,0.0
Kansas,April,2021,0.0,100000.0,0.0
Kansas,August,2020,0.0,100000.0,0.0
Kansas,August,2021,250.0,100000.0,0.0025
Kansas,December,2020,0.0,100000.0,0.0
Kansas,December,2021,0.0,100000.0,0.0
Kansas,February,2020,0.0,100000.0,0.0
Kansas,February,2021,0.0,100000.0,0.0
Kansas,January,2020,0.0,100000.0,0.0
Kansas,January,2021,0.0,100000.0,0.0
Kansas,July,2020,0.0,100000.0,0.0
Kansas,July,2021,218.0,100000.0,0.00218
Kansas,June,2020,0.0,100000.0,0.0
Kansas,June,2021,0.0,100000.0,0.0
Kansas,March,2020,21.0,100000.0,0.00021
Kansas,March,2021,0.0,100000.0,0.0
Kansas,May,2020,0.0,100000.0,0.0
Kansas,May,2021,0.0,100000.0,0.0
Kansas,November,2020,0.0,100000.0,0.0
Kansas,November,2021,3.0,100000.0,3e-05
Kansas,October,2020,0.0,100000.0,0.0
Kansas,October,2021,127.0,100000.0,0.00127
Kansas,September,2020,0.0,100000.0,0.0
Kansas,September,2021,113.0,100000.0,0.00113
Kentucky,April,2020,0.0,700000.0,0.0
Kentucky,April,2021,1960.0,700000.0,0.0196
Kentucky,August,2020,0.0,700000.0,0.0
Kentucky,December,2020,1189.0,700000.0,0.011890000000000001
Kentucky,February,2020,14317.0,700000.0,0.14317000000000002
Kentucky,February,2021,975.0,700000.0,0.009750000000000002
Kentucky,January,2020,14123.0,700000.0,0.14123
Kentucky,January,2021,1821.0,700000.0,0.01821
Kentucky,July,2020,0.0,700000.0,0.0
Kentucky,June,2020,0.0,700000.0,0.0
Kentucky,June,2021,9175.0,700000.0,0.09175
Kentucky,March,2020,6650.0,700000.0,0.0665
Kentucky,March,2021,2920.0,700000.0,0.0292
Kentucky,May,2020,0.0,700000.0,0.0
Kentucky,May,2021,2337.0,700000.0,0.023370000000000002
Kentucky,November,2020,5.0,700000.0,5e-05
Kentucky,October,2020,0.0,700000.0,0.0
Kentucky,September,2020,0.0,700000.0,0.0
Maine,April,2020,0.0,600000.0,0.0
Maine,August,2020,0.0,600000.0,0.0
Maine,December,2020,1.0,600000.0,1e-05
Maine,February,2020,0.0,600000.0,0.0
Maine,January,2020,1.0,600000.0,1e-05
Maine,July,2020,0.0,600000.0,0.0
Maine,June,2020,0.0,600000.0,0.0
Maine,March,2020,0.0,600000.0,0.0
Maine,May,2020,0.0,600000.0,0.0
Maine,November,2020,0.0,600000.0,0.0
Maine,October,2020,0.0,600000.0,0.0
Maine,September,2020,0.0,600000.0,0.0
Maryland,April,2020,0.0,900000.0,0.0
Maryland,April,2021,5678.0,800000.0,0.05677999999999999
Maryland,August,2020,0.0,900000.0,0.0
Maryland,August,2021,6511.0,800000.0,0.06511
Maryland,December,2020,91.0,800000.0,0.00091
Maryland,December,2021,4115.0,800000.0,0.04115
Maryland,February,2020,6043.0,900000.0,0.06043
Maryland,February,2021,582.0,800000.0,0.00582
Maryland,January,2020,6803.0,900000.0,0.06803000000000001
Maryland,January,2021,490.0,800000.0,0.0049
Maryland,July,2020,0.0,900000.0,0.0
Maryland,July,2021,5996.0,800000.0,0.059960000000000006
Maryland,June,2020,0.0,900000.0,0.0
Maryland,June,2021,7421.0,800000.0,0.07421000000000001
Maryland,March,2020,4193.0,900000.0,0.04193000000000001
Maryland,March,2021,1252.0,800000.0,0.01252
Maryland,May,2020,0.0,900000.0,0.0
Maryland,May,2021,6248.0,800000.0,0.062479999999999994
Maryland,November,2020,116.0,800000.0,0.00116
Maryland,November,2021,5159.0,800000.0,0.051590000000000004
Maryland,October,2020,189.0,800000.0,0.00189
Maryland,October,2021,6826.0,800000.0,0.06826
Maryland,September,2020,0.0,900000.0,0.0
Maryland,September,2021,5754.0,800000.0,0.05754000000000001
Massachusetts,April,2020,0.0,1200000.0,0.0
Massachusetts,April,2021,0.0,1200000.0,0.0
Massachusetts,August,2020,0.0,1200000.0,0.0
Massachusetts,August,2021,6408.0,1200000.0,0.06407999999999998
Massachusetts,December,2020,0.0,1200000.0,0.0
Massachusetts,December,2021,926.0,1200000.0,0.00926
Massachusetts,February,2020,1943.0,1200000.0,0.01943
Massachusetts,February,2021,0.0,1200000.0,0.0
Massachusetts,January,2020,1791.0,1200000.0,0.017910000000000002
Massachusetts,January,2021,0.0,1200000.0,0.0
Massachusetts,July,2020,0.0,1200000.0,0.0
Massachusetts,July,2021,3572.0,1200000.0,0.03572
Massachusetts,June,2020,0.0,1200000.0,0.0
Massachusetts,June,2021,0.0,1200000.0,0.0
Massachusetts,March,2020,935.0,1200000.0,0.009349999999999999
Massachusetts,March,2021,0.0,1200000.0,0.0
Massachusetts,May,2020,0.0,1200000.0,0.0
Massachusetts,May,2021,0.0,1200000.0,0.0
Massachusetts,November,2020,0.0,1200000.0,0.0
Massachusetts,November,2021,3242.0,1200000.0,0.03242
Massachusetts,October,2020,0.0,1200000.0,0.0
Massachusetts,October,2021,6436.0,1200000.0,0.06436
Massachusetts,September,2020,0.0,1200000.0,0.0
Massachusetts,September,2021,8613.0,1200000.0,0.08613
Massachussetts,April,2019,6211.0,3150607.0,1.778198873466876
Massachussetts,April,2020,0.0,3197001.0,0.0
Massachussetts,April,2021,108.0,2883194.0,0.03582425781280729
Massachussetts,April,2022,2174.0,2897836.0,0.7293077672572148
Massachussetts,August,2019,7935.0,3148697.0,2.3964046423069796
Massachussetts,August,2020,0.0,3194031.0,0.0
Massachussetts,August,2021,4600.0,2877847.0,1.2781362979436952
Massachussetts,August,2022,3023.0,2325132.0,0.5542301206838911
Massachussetts,December,2019,448.0,3185888.0,0.1910400118830027
Massachussetts,December,2020,40.0,2877318.0,0.0095279914581502
Massachussetts,December,2021,602.0,2889207.0,0.21070541252916242
Massachussetts,February,2020,1188.0,3192252.0,0.4392951882362866
Massachussetts,February,2021,67.0,2883339.0,0.0198989579572332
Massachussetts,February,2022,559.0,2895109.0,0.2668758702731822
Massachussetts,January,2020,1066.0,3188509.0,0.41179536409002193
Massachussetts,January,2021,90.0,2880969.0,0.0268933546689801
Massachussetts,January,2022,486.0,2893258.0,0.2512211401313092
Massachussetts,July,2019,6821.0,3150104.0,2.4708875596973012
Massachussetts,July,2020,0.0,3195160.0,0.0
Massachussetts,July,2021,2491.0,2878323.0,0.49608872650832203
Massachussetts,July,2022,5434.0,2911340.0,1.3246406468235987
Massachussetts,June,2019,6838.0,3150205.0,2.0617974160710713
Massachussetts,June,2020,0.0,3197170.0,0.0
Massachussetts,June,2021,109.0,2881137.0,0.046623275249077
Massachussetts,June,2022,3925.0,2903080.0,1.2189364710342443
Massachussetts,March,2019,1317.0,3151343.0,0.4528216243467421
Massachussetts,March,2020,620.0,3194817.0,0.228044951662295
Massachussetts,March,2021,67.0,2883490.0,0.0240173871058223
Massachussetts,March,2022,769.0,2895079.0,0.2866529950551155
Massachussetts,May,2019,8593.0,3149750.0,2.9708091899667157
Massachussetts,May,2020,0.0,3197106.0,0.0
Massachussetts,May,2021,90.0,2882223.0,0.0361038562281178
Massachussetts,May,2022,4648.0,2901792.0,1.2582797548504983
Massachussetts,November,2019,1207.0,3177961.0,0.3769198607118264
Massachussetts,November,2020,64.0,2873924.0,0.0184125668798625
Massachussetts,November,2021,2398.0,2883637.0,0.5547440630807016
Massachussetts,October,2019,5563.0,3165264.0,1.7180938512270276
Massachussetts,October,2020,30.0,2868965.0,0.0070578024465787
Massachussetts,October,2021,4671.0,2877422.0,1.2897821696327183
Massachussetts,September,2019,9920.0,3155738.0,2.8814344412387056
Massachussetts,September,2020,10.0,3191297.0,0.0247555390518629
Massachussetts,September,2021,5626.0,2872640.0,1.6791619579277348
Michigan,April,2020,5752.0,500000.0,0.057519999999999995
Michigan,April,2021,12492.0,500000.0,0.12492
Michigan,August,2020,4396.0,500000.0,0.04396
Michigan,August,2021,20531.0,500000.0,0.20531
Michigan,December,2020,4395.0,500000.0,0.04395
Michigan,December,2021,16267.0,500000.0,0.16267
Michigan,February,2021,7304.0,500000.0,0.07304
Michigan,January,2021,5911.0,500000.0,0.059109999999999996
Michigan,July,2020,4067.0,500000.0,0.04067
Michigan,July,2021,19027.0,500000.0,0.19027
Michigan,June,2020,4116.0,500000.0,0.04116
Michigan,June,2021,18474.0,500000.0,0.18474
Michigan,March,2021,10193.0,500000.0,0.10192999999999999
Michigan,May,2020,4523.0,500000.0,0.04523
Michigan,May,2021,15301.0,500000.0,0.15301
Michigan,November,2020,5044.0,500000.0,0.05044
Michigan,November,2021,17724.0,500000.0,0.17724
Michigan,October,2020,5430.0,500000.0,0.054299999999999994
Michigan,October,2021,19647.0,500000.0,0.19647
Michigan,September,2020,3875.0,500000.0,0.03875
Michigan,September,2021,21346.0,500000.0,0.21345999999999998
Minnesota,April,2020,0.0,600000.0,0.0
Minnesota,April,2021,0.0,600000.0,0.0
Minnesota,August,2020,0.0,600000.0,0.0
Minnesota,August,2021,5093.0,600000.0,0.05093
Minnesota,December,2020,0.0,600000.0,0.0
Minnesota,December,2021,687.0,600000.0,0.006869999999999999
Minnesota,February,2020,1701.0,600000.0,0.01701
Minnesota,February,2021,0.0,600000.0,0.0
Minnesota,January,2020,1629.0,600000.0,0.01629
Minnesota,January,2021,0.0,600000.0,0.0
Minnesota,July,2020,0.0,600000.0,0.0
Minnesota,July,2021,0.0,600000.0,0.0
Minnesota,June,2020,0.0,600000.0,0.0
Minnesota,June,2021,0.0,600000.0,0.0
Minnesota,March,2020,1132.0,600000.0,0.01132
Minnesota,March,2021,0.0,600000.0,0.0
Minnesota,May,2020,0.0,600000.0,0.0
Minnesota,May,2021,0.0,600000.0,0.0
Minnesota,November,2020,0.0,600000.0,0.0
Minnesota,November,2021,1139.0,600000.0,0.01139
Minnesota,October,2020,0.0,600000.0,0.0
Minnesota,October,2021,1241.0,600000.0,0.012410000000000001
Minnesota,September,2020,0.0,600000.0,0.0
Minnesota,September,2021,4369.0,600000.0,0.04369
Missouri,April,2020,0.0,900000.0,0.0
Missouri,April,2021,10251.0,900000.0,0.10251000000000002
Missouri,August,2020,18849.0,900000.0,0.18849
Missouri,August,2021,17265.0,900000.0,0.17265000000000003
Missouri,December,2020,1705.0,900000.0,0.01705
Missouri,December,2021,5904.0,900000.0,0.05904
Missouri,February,2020,4116.0,900000.0,0.04116000000000001
Missouri,February,2021,1384.0,900000.0,0.013840000000000002
Missouri,January,2020,3641.0,900000.0,0.03641
Missouri,January,2021,1027.0,900000.0,0.01027
Missouri,July,2020,7457.0,900000.0,0.07457
Missouri,July,2021,12788.0,900000.0,0.12787999999999997
Missouri,June,2020,0.0,900000.0,0.0
Missouri,June,2021,14314.0,900000.0,0.14314000000000002
Missouri,March,2020,7643.0,900000.0,0.07643000000000001
Missouri,March,2021,8722.0,900000.0,0.08721999999999998
Missouri,May,2020,0.0,900000.0,0.0
Missouri,May,2021,19902.0,900000.0,0.19902
Missouri,November,2020,8234.0,900000.0,0.08234000000000001
Missouri,November,2021,5288.0,900000.0,0.052879999999999996
Missouri,October,2020,18630.0,900000.0,0.18630000000000002
Missouri,October,2021,18542.0,900000.0,0.18542000000000003
Missouri,September,2020,19711.0,900000.0,0.19711
Missouri,September,2021,20237.0,900000.0,0.20236999999999997
New Hampshire,April,2020,0.0,500000.0,0.0
New Hampshire,April,2021,1020.0,500000.0,0.0102
New Hampshire,August,2020,0.0,500000.0,0.0
New Hampshire,August,2021,1094.0,500000.0,0.01094
New Hampshire,December,2020,40.0,500000.0,0.0004000000000000001
New Hampshire,February,2020,128.0,400000.0,0.0012799999999999999
New Hampshire,February,2021,35.0,500000.0,0.00035000000000000005
New Hampshire,January,2020,101.0,500000.0,0.0010099999999999998
New Hampshire,January,2021,102.0,500000.0,0.00102
New Hampshire,July,2020,0.0,500000.0,0.0
New Hampshire,July,2021,988.0,500000.0,0.00988
New Hampshire,June,2020,0.0,500000.0,0.0
New Hampshire,June,2021,594.0,500000.0,0.00594
New Hampshire,March,2020,86.0,500000.0,0.00086
New Hampshire,March,2021,56.0,500000.0,0.0005600000000000001
New Hampshire,May,2020,0.0,500000.0,0.0
New Hampshire,May,2021,1154.0,500000.0,0.01154
New Hampshire,November,2020,229.0,500000.0,0.00229
New Hampshire,November,2021,426.0,300000.0,0.00426
New Hampshire,October,2020,26.0,500000.0,0.00026000000000000003
New Hampshire,October,2021,832.0,500000.0,0.008320000000000001
New Hampshire,September,2020,0.0,500000.0,0.0
New Hampshire,September,2021,1391.0,500000.0,0.013909999999999999
New Mexico,August,2021,3146.0,500000.0,0.03146
New Mexico,December,2021,2127.0,500000.0,0.021269999999999997
New Mexico,July,2021,200.0,100000.0,0.002
New Mexico,June,2021,133.0,100000.0,0.00133
New Mexico,May,2021,556.0,100000.0,0.00556
New Mexico,November,2021,2860.0,500000.0,0.0286
New Mexico,October,2021,3751.0,500000.0,0.03751
New Mexico,September,2021,5367.0,500000.0,0.05367
New York,April,2020,0.0,1000000.0,0.0
New York,April,2021,0.0,1000000.0,0.0
New York,August,2020,0.0,1000000.0,0.0
New York,August,2021,0.0,1000000.0,0.0
New York,December,2020,0.0,1000000.0,0.0
New York,December,2021,0.0,1000000.0,0.0
New York,February,2020,12436.0,900000.0,0.12435999999999998
New York,February,2021,0.0,1000000.0,0.0
New York,January,2020,11538.0,900000.0,0.11538000000000001
New York,January,2021,0.0,1000000.0,0.0
New York,July,2020,0.0,1000000.0,0.0
New York,July,2021,0.0,1000000.0,0.0
New York,June,2020,0.0,1000000.0,0.0
New York,June,2021,0.0,1000000.0,0.0
New York,March,2020,6891.0,900000.0,0.06891
New York,March,2021,0.0,1000000.0,0.0
New York,May,2020,0.0,1000000.0,0.0
New York,May,2021,0.0,1000000.0,0.0
New York,November,2020,0.0,1000000.0,0.0
New York,November,2021,0.0,1000000.0,0.0
New York,October,2020,0.0,1000000.0,0.0
New York,October,2021,0.0,1000000.0,0.0
New York,September,2020,0.0,1000000.0,0.0
New York,September,2021,0.0,1000000.0,0.0
North Carolina,April,2020,0.0,700000.0,0.0
North Carolina,April,2021,7.0,700000.0,7e-05
North Carolina,August,2020,0.0,700000.0,0.0
North Carolina,August,2021,12013.0,700000.0,0.12013
North Carolina,December,2020,11880.0,700000.0,0.11879999999999999
North Carolina,December,2021,2966.0,600000.0,0.02966
North Carolina,February,2020,22332.0,700000.0,0.22332
North Carolina,February,2021,15700.0,700000.0,0.157
North Carolina,January,2020,20929.0,700000.0,0.20929
North Carolina,January,2021,17327.0,700000.0,0.17327
North Carolina,July,2020,0.0,700000.0,0.0
North Carolina,July,2021,11099.0,700000.0,0.11098999999999999
North Carolina,June,2020,0.0,700000.0,0.0
North Carolina,June,2021,5881.0,600000.0,0.058809999999999994
North Carolina,March,2020,11123.0,700000.0,0.11123000000000001
North Carolina,March,2021,3.0,700000.0,3.0000000000000004e-05
North Carolina,May,2020,0.0,700000.0,0.0
North Carolina,May,2021,411.0,700000.0,0.00411
North Carolina,November,2020,17568.0,700000.0,0.17568
North Carolina,November,2021,1099.0,700000.0,0.010990000000000002
North Carolina,October,2020,0.0,700000.0,0.0
North Carolina,October,2021,2303.0,700000.0,0.02303
North Carolina,September,2020,0.0,700000.0,0.0
North Carolina,September,2021,16350.0,700000.0,0.1635
North Dakota,April,2020,0.0,400000.0,0.0
North Dakota,April,2021,672.0,400000.0,0.006719999999999999
North Dakota,August,2020,309.0,400000.0,0.00309
North Dakota,August,2021,985.0,400000.0,0.00985
North Dakota,December,2020,226.0,400000.0,0.00226
North Dakota,December,2021,211.0,400000.0,0.00211
North Dakota,February,2020,237.0,400000.0,0.0023699999999999997
North Dakota,February,2021,207.0,400000.0,0.0020700000000000002
North Dakota,January,2020,286.0,400000.0,0.00286
North Dakota,January,2021,347.0,400000.0,0.0034699999999999996
North Dakota,July,2020,10.0,400000.0,0.0001
North Dakota,July,2021,944.0,400000.0,0.00944
North Dakota,June,2020,0.0,400000.0,0.0
North Dakota,June,2021,1047.0,400000.0,0.01047
North Dakota,March,2020,128.0,400000.0,0.0012799999999999999
North Dakota,March,2021,384.0,400000.0,0.00384
North Dakota,May,2020,0.0,400000.0,0.0
North Dakota,May,2021,850.0,400000.0,0.0085
North Dakota,November,2020,322.0,400000.0,0.0032199999999999998
North Dakota,November,2021,490.0,400000.0,0.0049
North Dakota,October,2020,1193.0,400000.0,0.01193
North Dakota,October,2021,852.0,400000.0,0.00852
North Dakota,September,2020,350.0,400000.0,0.0034999999999999996
North Dakota,September,2021,1083.0,400000.0,0.01083
Ohio,April,2015,53434.0,8900008.0,12.264755213203534
Ohio,April,2016,48434.0,8927041.0,9.91281945530305
Ohio,April,2017,36892.0,7130337.0,9.183728266865746
Ohio,April,2018,39614.0,7138345.0,7.6748793501626675
Ohio,April,2019,39647.0,7173679.0,10.291060218577435
Ohio,April,2020,4.0,7249216.0,0.00047982796111849994
Ohio,April,2021,57624.0,8612828.0,6.8288957057212905
Ohio,April,2022,45319.0,9222282.0,11.350464845309862
Ohio,August,2014,59259.0,8794375.0,9.088831833883903
Ohio,August,2015,60902.0,8832849.0,11.798086958901727
Ohio,August,2016,49676.0,7044279.0,12.91578480513311
Ohio,August,2017,43751.0,7040801.0,9.25410209462472
Ohio,August,2018,47451.0,7085408.0,12.95069532075954
Ohio,August,2019,47655.0,7147303.0,11.72010065686294
Ohio,August,2020,7112.0,8842321.0,7.39159086562528
Ohio,August,2021,47351.0,9155324.0,9.595827748397847
Ohio,December,2014,24058.0,8886376.0,3.9617652822250164
Ohio,December,2015,30459.0,8917722.0,5.154563388885503
Ohio,December,2016,13725.0,7125068.0,2.5132016754359476
Ohio,December,2017,11674.0,7125763.0,2.1932871223329027
Ohio,December,2018,21991.0,7167159.0,4.607657694321254
Ohio,December,2019,25433.0,7227841.0,5.114071501298009
Ohio,December,2020,48350.0,8882270.0,4.67819302568398
Ohio,December,2021,28109.0,9212810.0,3.743678296729093
Ohio,February,2015,5038.0,8907030.0,1.0236487835809085
Ohio,February,2016,28342.0,8942281.0,5.007744361498272
Ohio,February,2017,28691.0,7135199.0,5.795861400150911
Ohio,February,2018,26493.0,7145492.0,4.615670042815654
Ohio,February,2019,29729.0,7183970.0,7.057557160138614
Ohio,February,2020,29959.0,7238579.0,6.047549775684106
Ohio,February,2021,22879.0,8856624.0,2.5741069736005437
Ohio,February,2022,28540.0,9207530.0,4.686198619340233
Ohio,January,2015,12986.0,8907730.0,2.064120788529027
Ohio,January,2016,19940.0,8928140.0,4.227880016596198
Ohio,January,2017,25706.0,7139030.0,4.486763702639978
Ohio,January,2018,17796.0,7151271.0,3.2213737378847
Ohio,January,2019,16543.0,7180015.0,4.076961906076308
Ohio,January,2020,30716.0,7237463.0,6.228293293542961
Ohio,January,2021,40842.0,8892028.0,4.197220746881551
Ohio,January,2022,12078.0,9220905.0,1.8991143978573388
Ohio,July,2014,67915.0,8806989.0,10.201946383528863
Ohio,July,2015,62877.0,8842096.0,13.952588169764715
Ohio,July,2016,45009.0,7042226.0,14.172186364306375
Ohio,July,2017,43976.0,7051525.0,10.257821180936249
Ohio,July,2018,44746.0,7091385.0,12.710670399125247
Ohio,July,2019,44944.0,7157505.0,12.122061606684621
Ohio,July,2020,378.0,8843549.0,2.4624397484374247
Ohio,July,2021,41988.0,9155855.0,7.654623277165787
Ohio,June,2014,66026.0,8826442.0,13.829964686826461
Ohio,June,2015,65418.0,8870002.0,17.940595280906436
Ohio,June,2016,51414.0,7060840.0,18.382619495567102
Ohio,June,2017,46668.0,7064623.0,9.968649738304478
Ohio,June,2018,48561.0,7102882.0,14.04206973978714
Ohio,June,2019,44389.0,7169124.0,12.834890995703825
Ohio,June,2020,135.0,8848216.0,2.3686856120646533
Ohio,June,2021,50718.0,9168390.0,11.502947812525308
Ohio,March,2015,36738.0,8924571.0,7.367850797006795
Ohio,March,2016,42975.0,8950053.0,8.15907045756349
Ohio,March,2017,30461.0,7147951.0,8.189458618292926
Ohio,March,2018,30442.0,7143820.0,4.815592750923271
Ohio,March,2019,29518.0,7182271.0,6.3396169729993685
Ohio,March,2020,14633.0,7244642.0,2.778013823792917
Ohio,March,2021,60109.0,8896894.0,7.906949393908363
Ohio,March,2022,41221.0,9233045.0,7.983287670892529
Ohio,May,2015,60306.0,8862465.0,13.709356879420474
Ohio,May,2016,61816.0,8912292.0,15.710132950270783
Ohio,May,2017,49425.0,7115329.0,15.533384352522202
Ohio,May,2018,50566.0,7117564.0,12.320318957744728
Ohio,May,2019,47555.0,7156048.0,14.272981365537246
Ohio,May,2020,4.0,7248699.0,0.12130391044182764
Ohio,May,2021,67102.0,8599811.0,9.458377038683937
Ohio,May,2022,46758.0,9206216.0,13.095336368891637
Ohio,November,2014,15171.0,8862038.0,2.769353259926258
Ohio,November,2015,29340.0,8884541.0,5.041598841317968
Ohio,November,2016,26907.0,7093919.0,4.128411117035697
Ohio,November,2017,22126.0,7105245.0,3.668813878903048
Ohio,November,2018,20776.0,7147252.0,4.664991042582638
Ohio,November,2019,21902.0,7205988.0,4.749142245140127
Ohio,November,2020,43501.0,8867809.0,3.369255282338137
Ohio,November,2021,24811.0,9198032.0,3.002336928084743
Ohio,October,2014,59804.0,8822512.0,8.061116471208317
Ohio,October,2015,60625.0,8849161.0,10.221656003002979
Ohio,October,2016,43387.0,7061720.0,9.095776889849695
Ohio,October,2017,42221.0,7072200.0,7.536422454191909
Ohio,October,2018,42596.0,7113458.0,9.43493715682748
Ohio,October,2019,49682.0,7169500.0,9.595513272589022
Ohio,October,2020,86602.0,8852916.0,7.658784758024425
Ohio,October,2021,49559.0,9170798.0,7.64791045591992
Ohio,September,2014,67010.0,8801401.0,11.18690872254591
Ohio,September,2015,62475.0,8836423.0,11.843673002796818
Ohio,September,2016,46265.0,7047146.0,11.691771560003032
Ohio,September,2017,38236.0,7025915.0,8.68407477737236
Ohio,September,2018,37311.0,7092288.0,10.690465334354847
Ohio,September,2019,46842.0,7154619.0,11.440317256176684
Ohio,September,2020,41441.0,8847905.0,5.6146998950687035
Ohio,September,2021,49102.0,9162689.0,8.427911312869412
Oregon,April,2020,0.0,600000.0,0.0
Oregon,April,2021,0.0,600000.0,0.0
Oregon,August,2020,0.0,600000.0,0.0
Oregon,August,2021,415.0,600000.0,0.00415
Oregon,December,2020,0.0,600000.0,0.0
Oregon,December,2021,172.0,200000.0,0.00172
Oregon,February,2020,2204.0,600000.0,0.02204
Oregon,February,2021,0.0,600000.0,0.0
Oregon,January,2020,2147.0,600000.0,0.02147
Oregon,January,2021,0.0,600000.0,0.0
Oregon,July,2020,0.0,600000.0,0.0
Oregon,July,2021,0.0,600000.0,0.0
Oregon,June,2020,0.0,600000.0,0.0
Oregon,June,2021,0.0,600000.0,0.0
Oregon,March,2020,1103.0,600000.0,0.01103
Oregon,March,2021,0.0,600000.0,0.0
Oregon,May,2020,0.0,600000.0,0.0
Oregon,May,2021,0.0,600000.0,0.0
Oregon,November,2020,0.0,600000.0,0.0
Oregon,November,2021,574.0,200000.0,0.00574
Oregon,October,2020,0.0,600000.0,0.0
Oregon,October,2021,1313.0,600000.0,0.01313
Oregon,September,2020,0.0,600000.0,0.0
Oregon,September,2021,707.0,600000.0,0.00707
Pennsylvania,April,2020,0.0,900000.0,0.0
Pennsylvania,April,2021,15629.0,1400000.0,0.15628999999999998
Pennsylvania,August,2020,0.0,1300000.0,0.0
Pennsylvania,August,2021,44143.0,1400000.0,0.44143000000000004
Pennsylvania,December,2020,257.0,1400000.0,0.0025700000000000002
Pennsylvania,December,2021,1053.0,1400000.0,0.010530000000000001
Pennsylvania,February,2020,39.0,400000.0,0.00039
Pennsylvania,February,2021,595.0,1400000.0,0.00595
Pennsylvania,January,2020,20.0,300000.0,0.0002
Pennsylvania,January,2021,2090.0,1400000.0,0.020900000000000002
Pennsylvania,July,2020,0.0,1300000.0,0.0
Pennsylvania,July,2021,36406.0,1400000.0,0.36406000000000005
Pennsylvania,June,2020,0.0,900000.0,0.0
Pennsylvania,June,2021,47809.0,1400000.0,0.4780899999999999
Pennsylvania,March,2020,0.0,100000.0,0.0
Pennsylvania,March,2021,2210.0,800000.0,0.0221
Pennsylvania,May,2020,0.0,900000.0,0.0
Pennsylvania,May,2021,38209.0,1400000.0,0.38209
Pennsylvania,November,2020,887.0,1400000.0,0.008870000000000001
Pennsylvania,November,2021,24429.0,1400000.0,0.24428999999999998
Pennsylvania,October,2020,0.0,1400000.0,0.0
Pennsylvania,October,2021,33467.0,1400000.0,0.33467
Pennsylvania,September,2020,0.0,1300000.0,0.0
Pennsylvania,September,2021,34370.0,1400000.0,0.3437
Rhode Island,April,2020,0.0,200000.0,0.0
Rhode Island,April,2021,0.0,200000.0,0.0
Rhode Island,August,2020,0.0,200000.0,0.0
Rhode Island,August,2021,1005.0,200000.0,0.01005
Rhode Island,December,2020,0.0,200000.0,0.0
Rhode Island,December,2021,105.0,200000.0,0.00105
Rhode Island,February,2020,28.0,200000.0,0.00028000000000000003
Rhode Island,February,2021,0.0,200000.0,0.0
Rhode Island,January,2020,0.0,200000.0,0.0
Rhode Island,January,2021,0.0,200000.0,0.0
Rhode Island,July,2020,0.0,200000.0,0.0
Rhode Island,July,2021,1757.0,200000.0,0.01757
Rhode Island,June,2020,0.0,200000.0,0.0
Rhode Island,June,2021,0.0,200000.0,0.0
Rhode Island,March,2020,24.0,200000.0,0.00024
Rhode Island,March,2021,0.0,200000.0,0.0
Rhode Island,May,2020,0.0,200000.0,0.0
Rhode Island,May,2021,0.0,200000.0,0.0
Rhode Island,November,2020,0.0,200000.0,0.0
Rhode Island,November,2021,33.0,200000.0,0.00033
Rhode Island,October,2020,0.0,200000.0,0.0
Rhode Island,October,2021,1656.0,200000.0,0.016560000000000002
Rhode Island,September,2020,0.0,200000.0,0.0
Rhode Island,September,2021,2105.0,200000.0,0.02105
South Carolina,April,2020,0.0,500000.0,0.0
South Carolina,April,2021,3612.0,500000.0,0.03612
South Carolina,August,2020,56.0,500000.0,0.00056
South Carolina,August,2021,3494.0,400000.0,0.03494
South Carolina,December,2020,10784.0,500000.0,0.10784
South Carolina,December,2021,3564.0,500000.0,0.03564
South Carolina,February,2020,4422.0,400000.0,0.044219999999999995
South Carolina,February,2021,3654.0,400000.0,0.03654
South Carolina,January,2020,4248.0,400000.0,0.042480000000000004
South Carolina,January,2021,3594.0,400000.0,0.03594
South Carolina,July,2020,36.0,500000.0,0.00036
South Carolina,July,2021,3011.0,400000.0,0.030109999999999998
South Carolina,June,2020,0.0,500000.0,0.0
South Carolina,June,2021,3638.0,500000.0,0.036379999999999996
South Carolina,March,2020,7844.0,500000.0,0.07844
South Carolina,March,2021,7798.0,500000.0,0.07798000000000001
South Carolina,May,2020,0.0,500000.0,0.0
South Carolina,May,2021,3491.0,500000.0,0.03491
South Carolina,November,2020,5040.0,400000.0,0.0504
South Carolina,November,2021,1360.0,400000.0,0.0136
South Carolina,October,2020,4458.0,400000.0,0.04458
South Carolina,October,2021,1703.0,400000.0,0.01703
South Carolina,September,2020,934.0,500000.0,0.00934
South Carolina,September,2021,6113.0,500000.0,0.06113
South Dakota,December,2020,1017.0,400000.0,0.01017
South Dakota,December,2021,190.0,200000.0,0.0019
South Dakota,February,2021,3.0,100000.0,3e-05
South Dakota,January,2021,21.0,100000.0,0.00021
South Dakota,June,2020,0.0,100000.0,0.0
South Dakota,June,2021,818.0,200000.0,0.00818
South Dakota,March,2021,166.0,300000.0,0.00166
South Dakota,November,2020,1.0,100000.0,1e-05
South Dakota,October,2020,75.0,100000.0,0.00075
South Dakota,September,2020,1516.0,300000.0,0.01516
South Dakota,September,2021,77.0,100000.0,0.00077
Utah,April,2020,0.0,100000.0,0.0
Utah,April,2021,225.0,100000.0,0.00225
Utah,August,2020,252.0,100000.0,0.00252
Utah,August,2021,219.0,100000.0,0.00219
Utah,December,2020,130.0,100000.0,0.0013
Utah,December,2021,68.0,100000.0,0.00068
Utah,February,2020,197.0,100000.0,0.00197
Utah,February,2021,186.0,100000.0,0.00186
Utah,January,2020,243.0,100000.0,0.00243
Utah,January,2021,201.0,100000.0,0.00201
Utah,July,2020,0.0,100000.0,0.0
Utah,July,2021,139.0,100000.0,0.00139
Utah,June,2020,0.0,100000.0,0.0
Utah,June,2021,188.0,100000.0,0.00188
Utah,March,2020,99.0,100000.0,0.00099
Utah,March,2021,273.0,100000.0,0.00273
Utah,May,2020,0.0,100000.0,0.0
Utah,May,2021,193.0,100000.0,0.00193
Utah,November,2020,202.0,100000.0,0.00202
Utah,November,2021,113.0,100000.0,0.00113
Utah,October,2020,256.0,100000.0,0.00256
Utah,October,2021,164.0,100000.0,0.00164
Utah,September,2020,183.0,100000.0,0.00183
Utah,September,2021,170.0,100000.0,0.0017
Vermont,April,2020,0.0,900000.0,0.0
Vermont,April,2021,0.0,1000000.0,0.0
Vermont,August,2020,0.0,900000.0,0.0
Vermont,August,2021,71.0,1000000.0,0.00071
Vermont,December,2020,37.0,900000.0,0.00037
Vermont,December,2021,121.0,900000.0,0.00121
Vermont,February,2020,237.0,900000.0,0.00237
Vermont,February,2021,0.0,1000000.0,0.0
Vermont,January,2020,206.0,900000.0,0.00206
Vermont,January,2021,0.0,1000000.0,0.0
Vermont,July,2020,0.0,900000.0,0.0
Vermont,July,2021,1.0,1000000.0,1e-05
Vermont,June,2020,0.0,900000.0,0.0
Vermont,June,2021,2.0,1000000.0,2e-05
Vermont,March,2020,141.0,900000.0,0.0014100000000000002
Vermont,March,2021,0.0,1000000.0,0.0
Vermont,May,2020,0.0,900000.0,0.0
Vermont,May,2021,3.0,1000000.0,3e-05
Vermont,November,2020,250.0,900000.0,0.0025
Vermont,November,2021,53.0,1100000.0,0.0005300000000000001
Vermont,October,2020,1.0,900000.0,1e-05
Vermont,October,2021,500.0,1100000.0,0.004999999999999998
Vermont,September,2020,1.0,900000.0,1e-05
Vermont,September,2021,149.0,1100000.0,0.00149
Washington,April,2020,0.0,500000.0,0.0
Washington,April,2021,0.0,500000.0,0.0
Washington,August,2020,0.0,500000.0,0.0
Washington,August,2021,0.0,500000.0,0.0
Washington,December,2020,0.0,500000.0,0.0
Washington,December,2021,63.0,500000.0,0.00063
Washington,February,2020,91.0,300000.0,0.00091
Washington,February,2021,0.0,500000.0,0.0
Washington,January,2020,255.0,300000.0,0.00255
Washington,January,2021,0.0,500000.0,0.0
Washington,July,2020,0.0,500000.0,0.0
Washington,July,2021,0.0,500000.0,0.0
Washington,June,2020,0.0,500000.0,0.0
Washington,June,2021,0.0,500000.0,0.0
Washington,March,2020,793.0,400000.0,0.00793
Washington,March,2021,0.0,500000.0,0.0
Washington,May,2020,0.0,500000.0,0.0
Washington,May,2021,0.0,500000.0,0.0
Washington,November,2020,0.0,500000.0,0.0
Washington,November,2021,98.0,500000.0,0.00098
Washington,October,2020,0.0,500000.0,0.0
Washington,October,2021,3.0,500000.0,3e-05
Washington,September,2020,0.0,500000.0,0.0
Washington,September,2021,0.0,500000.0,0.0
"Washington, D.C.",April,2020,0.0,200000.0,0.0
"Washington, D.C.",April,2021,1.0,200000.0,1e-05
"Washington, D.C.",August,2020,0.0,200000.0,0.0
"Washington, D.C.",August,2021,0.0,200000.0,0.0
"Washington, D.C.",December,2020,0.0,200000.0,0.0
"Washington, D.C.",December,2021,0.0,100000.0,0.0
"Washington, D.C.",February,2020,2144.0,200000.0,0.02144
"Washington, D.C.",February,2021,0.0,200000.0,0.0
"Washington, D.C.",January,2020,465.0,200000.0,0.00465
"Washington, D.C.",January,2021,0.0,200000.0,0.0
"Washington, D.C.",July,2020,0.0,200000.0,0.0
"Washington, D.C.",July,2021,0.0,200000.0,0.0
"Washington, D.C.",June,2020,0.0,200000.0,0.0
"Washington, D.C.",June,2021,0.0,200000.0,0.0
"Washington, D.C.",March,2020,1133.0,200000.0,0.01133
"Washington, D.C.",March,2021,0.0,200000.0,0.0
"Washington, D.C.",May,2020,0.0,200000.0,0.0
"Washington, D.C.",May,2021,0.0,200000.0,0.0
"Washington, D.C.",November,2020,6.0,200000.0,6e-05
"Washington, D.C.",November,2021,0.0,200000.0,0.0
"Washington, D.C.",October,2020,3.0,200000.0,3e-05
"Washington, D.C.",October,2021,2.0,200000.0,2e-05
"Washington, D.C.",September,2020,0.0,200000.0,0.0
"Washington, D.C.",September,2021,0.0,200000.0,0.0
Wisconsin,June,2021,17795.0,200000.0,0.17795
Wisconsin,September,2021,31156.0,200000.0,0.31155999999999995
